{
    "best_model_accuracy": 0.6666666666666666,
    "best_model_loss": 0.770462351715986,
    "best_model_f1": 0.6374181330387438
}
