{
    "best_model_accuracy": 0.8,
    "best_model_loss": 0.9858892085453852,
    "best_model_f1": 0.7963135549342445
}
